{
    "rmse": 0.6832047260712953,
    "mae": 0.5442800878936034,
    "r2": 0.2463875717842119
}