{
    "rmse": 0.7183405052620331,
    "mae": 0.5569476200134561,
    "r2": 0.21779904463228117
}